make_model_tank,closure_rate_Control,closure_rate_Texas,n_Control,n_Texas,pre_gap
Single-Walled_Gasoline-Only_25k-Plus_1995,1,0,3,12,-1
Double-Walled_Gasoline-Only_Under-1k_1990,0.0222841225626741,1,359,1,0.977715877437326
Unknown-Wall_Other-Fuel_Under-1k_1990,0.0533333333333333,1,75,1,0.946666666666667
Single-Walled_Gasoline-Only_25k-Plus_1986,0.0559440559440559,1,143,1,0.944055944055944
Unknown-Wall_Other-Fuel_Under-1k_1991,0.176470588235294,1,51,2,0.823529411764706
Single-Walled_Gasoline-Only_Under-1k_1996,0.214285714285714,1,42,1,0.785714285714286
Single-Walled_Other-Fuel_25k-Plus_1992,0.5,0,2,7,-0.5
Single-Walled_Other-Fuel_25k-Plus_1986,0,0.428571428571429,65,14,0.428571428571429
Single-Walled_Gasoline-Only_Under-1k_1993,0.0838323353293413,0.5,167,2,0.416167664670659
Single-Walled_Other-Fuel_Under-1k_1997,0.372549019607843,0,153,6,-0.372549019607843
Unknown-Wall_Gasoline-Only_25k-Plus_1987,0.05,0.4,20,5,0.35
Unknown-Wall_Diesel-Only_Under-1k_1989,0.0263157894736842,0.333333333333333,114,3,0.307017543859649
Unknown-Wall_Gasoline-Only_25k-Plus_1989,0.0625,0.333333333333333,16,3,0.270833333333333
Unknown-Wall_Other-Fuel_12k-25k_1989,0.0789473684210526,0.333333333333333,38,9,0.254385964912281
Unknown-Wall_Other-Fuel_1k-5k_1991,0.0363636363636364,0.25,220,4,0.213636363636364
Single-Walled_Diesel-Only_Under-1k_1997,0.213333333333333,0,75,2,-0.213333333333333
Unknown-Wall_Diesel-Only_5k-12k_1989,0.0104761904761905,0.214285714285714,1050,14,0.203809523809524
Unknown-Wall_Gasoline-Only_12k-25k_1989,0.0276923076923077,0.222222222222222,650,9,0.194529914529915
Unknown-Wall_Gasoline-Only_Under-1k_1989,0.032258064516129,0.2,62,25,0.167741935483871
Unknown-Wall_Other-Fuel_5k-12k_1992,0,0.166666666666667,49,18,0.166666666666667
Unknown-Wall_Other-Fuel_Under-1k_1994,0.166666666666667,0,24,5,-0.166666666666667
Unknown-Wall_Other-Fuel_5k-12k_1990,0.0316455696202532,0.181818181818182,158,11,0.150172612197929
Unknown-Wall_Other-Fuel_12k-25k_1988,0,0.133333333333333,44,30,0.133333333333333
Unknown-Wall_Other-Fuel_12k-25k_1990,0,0.129032258064516,9,31,0.129032258064516
Double-Walled_Motor-Fuel-Mixed_12k-25k_1997,0.125,0,80,86,-0.125
Unknown-Wall_Other-Fuel_1k-5k_1992,0.0178571428571429,0.142857142857143,56,7,0.125
Unknown-Wall_Diesel-Only_12k-25k_1987,0.0172910662824208,0.140449438202247,347,178,0.123158371919826
Double-Walled_Motor-Fuel-Mixed_5k-12k_1997,0.12280701754386,0,57,8,-0.12280701754386
Double-Walled_Diesel-Only_Under-1k_1990,0.0106761565836299,0.133333333333333,562,30,0.122657176749703
Single-Walled_Gasoline-Only_25k-Plus_1988,0.0222222222222222,0.142857142857143,45,7,0.120634920634921
Unknown-Wall_Gasoline-Only_12k-25k_1987,0.0164888457807953,0.134185303514377,1031,313,0.117696457733582
Single-Walled_Other-Fuel_Under-1k_1995,0.115384615384615,0,182,16,-0.115384615384615
Unknown-Wall_Diesel-Only_5k-12k_1987,0.0240793201133144,0.138927097661623,1412,727,0.114847777548309
Single-Walled_Gasoline-Only_25k-Plus_1991,0.114285714285714,0,35,16,-0.114285714285714
Unknown-Wall_Other-Fuel_12k-25k_1987,0.0151515151515152,0.128813559322034,132,295,0.113662044170519
Unknown-Wall_Diesel-Only_Under-1k_1987,0.0569948186528497,0.166666666666667,193,306,0.109671848013817
Double-Walled_Diesel-Only_Under-1k_1989,0.00286532951289398,0.10958904109589,349,73,0.106723711582996
Unknown-Wall_Diesel-Only_12k-25k_1988,0.0168776371308017,0.123076923076923,474,65,0.106199285946121
Unknown-Wall_Diesel-Only_1k-5k_1988,0.0204081632653061,0.125,931,104,0.104591836734694
Single-Walled_Diesel-Only_25k-Plus_1990,0.0206896551724138,0.125,145,8,0.104310344827586
Double-Walled_Motor-Fuel-Mixed_1k-5k_1991,0.0212765957446809,0.125,47,8,0.103723404255319
Unknown-Wall_Diesel-Only_5k-12k_1988,0.0163511187607573,0.11864406779661,1162,59,0.102292949035853
Double-Walled_Diesel-Only_Under-1k_1992,0.0112359550561798,0.111111111111111,356,9,0.0998751560549313
Double-Walled_Gasoline-Only_Under-1k_1988,0.00305810397553517,0.101123595505618,327,89,0.0980654915300828
Single-Walled_Diesel-Only_Under-1k_1994,0.027027027027027,0.125,185,8,0.097972972972973
Single-Walled_Gasoline-Only_1k-5k_1995,0.0100806451612903,0.107438016528926,1488,121,0.0973573713676353
Unknown-Wall_Gasoline-Only_12k-25k_1986,0.0181124880838894,0.114285714285714,1049,105,0.0961732262018249
Unknown-Wall_Diesel-Only_1k-5k_1987,0.0317241379310345,0.125815470643057,725,1073,0.0940913327120224
Unknown-Wall_Gasoline-Only_5k-12k_1985,0.0228006840205206,0.116578349735049,5263,1321,0.0937776657145286
Unknown-Wall_Other-Fuel_5k-12k_1987,0.0536912751677852,0.1472029399755,298,4898,0.093511664807715
Double-Walled_Gasoline-Only_Under-1k_1986,0,0.0930232558139535,169,43,0.0930232558139535
Single-Walled_Other-Fuel_Under-1k_1996,0.0927152317880795,0,151,3,-0.0927152317880795
Unknown-Wall_Gasoline-Only_5k-12k_1987,0.0162388685175485,0.10827664399093,5727,3528,0.0920377754733813
Double-Walled_Motor-Fuel-Mixed_5k-12k_1995,0.0909090909090909,0,66,24,-0.0909090909090909
Single-Walled_Motor-Fuel-Mixed_1k-5k_1987,0,0.0909090909090909,36,11,0.0909090909090909
Single-Walled_Other-Fuel_25k-Plus_1987,0.05,0.137931034482759,100,87,0.0879310344827586
Unknown-Wall_Gasoline-Only_1k-5k_1991,0.0232558139534884,0.111111111111111,387,9,0.0878552971576227
Unknown-Wall_Diesel-Only_12k-25k_1986,0.0305810397553517,0.117647058823529,327,17,0.0870660190681777
Single-Walled_Diesel-Only_Under-1k_1987,0.0472329925978146,0.134157944814462,2837,1051,0.0869249522166478
Unknown-Wall_Gasoline-Only_1k-5k_1989,0.0211202938475666,0.10752688172043,1089,93,0.0864065878728635
Single-Walled_Diesel-Only_25k-Plus_1987,0.0294117647058824,0.115384615384615,170,26,0.085972850678733
Unknown-Wall_Gasoline-Only_5k-12k_1988,0.0125961066579421,0.0960698689956332,6113,229,0.0834737623376911
Unknown-Wall_Other-Fuel_Under-1k_1993,0,0.0833333333333333,18,12,0.0833333333333333
Unknown-Wall_Gasoline-Only_12k-25k_1985,0.0266412940057089,0.108938547486034,1051,358,0.0822972534803247
Single-Walled_Other-Fuel_Under-1k_1987,0.0501612903225807,0.131773139363272,6200,9486,0.0816118490406915
Unknown-Wall_Diesel-Only_5k-12k_1986,0.0309917355371901,0.112426035502959,1452,169,0.0814342999657685
Unknown-Wall_Gasoline-Only_5k-12k_1989,0.0114839000225175,0.0916030534351145,4441,131,0.0801191534125971
Unknown-Wall_Gasoline-Only_5k-12k_1986,0.0264804003336113,0.105747126436782,4796,435,0.0792667261031703
Single-Walled_Gasoline-Only_Under-1k_1991,0.0318471337579618,0.111111111111111,471,9,0.0792639773531493
Double-Walled_Diesel-Only_Under-1k_1985,0.0333333333333333,0.111111111111111,90,9,0.0777777777777778
Single-Walled_Gasoline-Only_25k-Plus_1987,0.164179104477612,0.0865384615384615,67,104,-0.0776406429391504
Single-Walled_Gasoline-Only_1k-5k_1987,0.0361615076249122,0.113287007791114,24197,23745,0.0771255001662017
Single-Walled_Other-Fuel_1k-5k_1987,0.0341862117981521,0.10912231119485,14070,12738,0.074936099396698
Single-Walled_Gasoline-Only_Under-1k_1997,0.573333333333333,0.5,75,4,-0.0733333333333334
Unknown-Wall_Diesel-Only_5k-12k_1985,0.0335110434120335,0.106824925816024,1313,337,0.0733138824039902
Double-Walled_Gasoline-Only_Under-1k_1992,0.00529100529100529,0.0769230769230769,189,13,0.0716320716320716
Double-Walled_Gasoline-Only_Under-1k_1987,0.00975609756097561,0.0806451612903226,205,124,0.070889063729347
Unknown-Wall_Diesel-Only_12k-25k_1985,0.0196078431372549,0.0904255319148936,408,188,0.0708176887776387
Double-Walled_Diesel-Only_Under-1k_1991,0.0164705882352941,0.0869565217391304,425,23,0.0704859335038363
Single-Walled_Diesel-Only_1k-5k_1987,0.03125,0.101244019138756,12768,5225,0.069994019138756
Single-Walled_Gasoline-Only_Under-1k_1987,0.0642361111111111,0.134075427811929,2304,6019,0.0698393167008178
Double-Walled_Gasoline-Only_Under-1k_1989,0.0116009280742459,0.0813953488372093,431,86,0.0697944207629634
Double-Walled_Motor-Fuel-Mixed_12k-25k_1995,0.0697674418604651,0,43,56,-0.0697674418604651
Unknown-Wall_Other-Fuel_1k-5k_1987,0.0619111709286676,0.131324121423131,743,9191,0.0694129504944638
Double-Walled_Motor-Fuel-Mixed_5k-12k_1993,0.0689655172413793,0,58,36,-0.0689655172413793
Unknown-Wall_Other-Fuel_Under-1k_1987,0.0656716417910448,0.133110499410146,670,5086,0.0674388576191007
Unknown-Wall_Other-Fuel_5k-12k_1991,0.0649350649350649,0,77,40,-0.0649350649350649
Unknown-Wall_Gasoline-Only_Under-1k_1985,0.0821917808219178,0.144927536231884,292,69,0.0627357554099663
Unknown-Wall_Gasoline-Only_12k-25k_1988,0.0160349854227405,0.0783132530120482,686,166,0.0622782675893077
Unknown-Wall_Diesel-Only_1k-5k_1989,0.0310192023633678,0.0930232558139535,677,43,0.0620040534505857
Unknown-Wall_Diesel-Only_1k-5k_1986,0.0557251908396947,0.117647058823529,1310,170,0.0619218679838348
Unknown-Wall_Gasoline-Only_1k-5k_1987,0.0549828178694158,0.116253802694481,1164,4602,0.0612709848250649
Single-Walled_Other-Fuel_Under-1k_1992,0.0301274623406721,0.0909090909090909,863,22,0.0607816285684188
Unknown-Wall_Gasoline-Only_Under-1k_1986,0.0833333333333333,0.142857142857143,384,28,0.0595238095238095
Single-Walled_Gasoline-Only_25k-Plus_1985,0.130841121495327,0.0714285714285714,107,42,-0.0594125500667557
Single-Walled_Diesel-Only_Under-1k_1991,0.0139664804469274,0.0731707317073171,716,41,0.0592042512603897
Double-Walled_Motor-Fuel-Mixed_12k-25k_1991,0.0588235294117647,0,34,24,-0.0588235294117647
Double-Walled_Other-Fuel_Under-1k_1989,0.0223463687150838,0.0807453416149068,358,161,0.058398972899823
Single-Walled_Gasoline-Only_Under-1k_1988,0.101126231816049,0.0441176470588235,4262,68,-0.0570085847572253
Double-Walled_Motor-Fuel-Mixed_12k-25k_1993,0.0555555555555556,0,108,60,-0.0555555555555556
Double-Walled_Diesel-Only_1k-5k_1994,0.00385356454720617,0.0588235294117647,1038,34,0.0549699648645585
Double-Walled_Diesel-Only_1k-5k_1995,0.00789889415481833,0.0625,633,32,0.0546011058451817
Single-Walled_Diesel-Only_25k-Plus_1989,0,0.0526315789473684,60,19,0.0526315789473684
Double-Walled_Diesel-Only_1k-5k_1991,0.00455696202531646,0.0569620253164557,1975,158,0.0524050632911392
Unknown-Wall_Other-Fuel_1k-5k_1986,0.0540322580645161,0.106060606060606,1240,330,0.0520283479960899
Unknown-Wall_Diesel-Only_Under-1k_1988,0.0591133004926108,0.111111111111111,203,27,0.0519978106185003
Double-Walled_Other-Fuel_Under-1k_1991,0.0278481012658228,0.079136690647482,395,139,0.0512885893816592
Unknown-Wall_Other-Fuel_1k-5k_1990,0.0396825396825397,0.0909090909090909,252,22,0.0512265512265512
Unknown-Wall_Other-Fuel_5k-12k_1989,0.0224358974358974,0.0735294117647059,312,68,0.0510935143288084
Double-Walled_Diesel-Only_Under-1k_1987,0.00858369098712446,0.0588235294117647,233,68,0.0502398384246402
Single-Walled_Diesel-Only_Under-1k_1989,0.0326721120186698,0.0813953488372093,1714,86,0.0487232368185395
Double-Walled_Motor-Fuel-Mixed_5k-12k_1994,0.0476190476190476,0,105,15,-0.0476190476190476
Single-Walled_Diesel-Only_25k-Plus_1991,0.0476190476190476,0,42,16,-0.0476190476190476
Unknown-Wall_Gasoline-Only_1k-5k_1985,0.0538082607048124,0.101149425287356,2639,435,0.0473411645825439
Double-Walled_Other-Fuel_Under-1k_1986,0.0240963855421687,0.0714285714285714,249,98,0.0473321858864028
Double-Walled_Gasoline-Only_12k-25k_1997,0.0453333333333333,0,1125,538,-0.0453333333333333
Single-Walled_Diesel-Only_5k-12k_1987,0.0158596035099123,0.0610185778347213,15385,6244,0.0451589743248091
Unknown-Wall_Diesel-Only_1k-5k_1985,0.0619047619047619,0.106884057971015,1050,552,0.0449792960662526
Unknown-Wall_Gasoline-Only_1k-5k_1990,0.0448916408668731,0,646,36,-0.0448916408668731
Double-Walled_Other-Fuel_1k-5k_1987,0.0131004366812227,0.0577689243027888,687,502,0.0446684876215661
Unknown-Wall_Diesel-Only_Under-1k_1986,0.0648648648648649,0.109489051094891,370,137,0.0446241862300256
Double-Walled_Gasoline-Only_1k-5k_1987,0.0172265288544358,0.0612244897959184,1161,294,0.0439979609414825
Unknown-Wall_Diesel-Only_Under-1k_1985,0.0830670926517572,0.126934984520124,313,323,0.0438678918683666
Double-Walled_Other-Fuel_1k-5k_1991,0.0170454545454545,0.0606060606060606,1056,231,0.0435606060606061
Double-Walled_Diesel-Only_12k-25k_1987,0.00821917808219178,0.0510204081632653,365,196,0.0428012300810735
Unknown-Wall_Other-Fuel_Under-1k_1989,0.0716253443526171,0.114285714285714,363,70,0.0426603699330972
Unknown-Wall_Other-Fuel_Under-1k_1988,0.0613287904599659,0.103260869565217,587,184,0.0419320791052515
Single-Walled_Diesel-Only_12k-25k_1987,0.0174515235457064,0.0583190394511149,3610,1166,0.0408675159054086
Double-Walled_Diesel-Only_1k-5k_1990,0.00655358519660756,0.0472972972972973,2594,148,0.0407437121006897
Single-Walled_Gasoline-Only_5k-12k_1987,0.0124314116195036,0.0515549906660841,67249,25177,0.0391235790465805
Double-Walled_Other-Fuel_Under-1k_1993,0.0311284046692607,0.0689655172413793,257,58,0.0378371125721186
Double-Walled_Other-Fuel_1k-5k_1990,0.022189349112426,0.0598086124401914,1352,418,0.0376192633277654
Single-Walled_Diesel-Only_Under-1k_1988,0.0642704843131282,0.101123595505618,3283,89,0.0368531111924897
Unknown-Wall_Other-Fuel_Under-1k_1985,0.0560509554140127,0.0925644916540212,785,659,0.0365135362400085
Double-Walled_Gasoline-Only_Under-1k_1985,0.0471698113207547,0.0833333333333333,106,24,0.0361635220125786
Unknown-Wall_Other-Fuel_1k-5k_1993,0.0357142857142857,0,56,6,-0.0357142857142857
Double-Walled_Diesel-Only_5k-12k_1997,0.0355329949238579,0,591,32,-0.0355329949238579
Unknown-Wall_Other-Fuel_1k-5k_1985,0.0498595505617978,0.085,1424,600,0.0351404494382023
Unknown-Wall_Other-Fuel_1k-5k_1988,0.041871921182266,0.0763888888888889,812,288,0.0345169677066229
Single-Walled_Other-Fuel_Under-1k_1993,0.0488798370672098,0.0833333333333333,491,24,0.0344534962661236
Double-Walled_Other-Fuel_Under-1k_1985,0.0343511450381679,0,262,28,-0.0343511450381679
Double-Walled_Other-Fuel_12k-25k_1996,0.0341880341880342,0,117,207,-0.0341880341880342
Double-Walled_Diesel-Only_1k-5k_1989,0.0114876507754164,0.0454545454545455,1741,132,0.033966894679129
Single-Walled_Gasoline-Only_1k-5k_1993,0.0098314606741573,0.0436893203883495,3560,206,0.0338578597141922
Unknown-Wall_Other-Fuel_1k-5k_1989,0.0352941176470588,0.0689655172413793,680,116,0.0336713995943205
Single-Walled_Other-Fuel_5k-12k_1987,0.0132881709223554,0.0462600690448792,7676,13035,0.0329718981225238
Double-Walled_Other-Fuel_Under-1k_1994,0.0326086956521739,0,184,25,-0.0326086956521739
Double-Walled_Gasoline-Only_1k-5k_1988,0.00977729494839761,0.0409090909090909,1841,220,0.0311317959606933
Single-Walled_Other-Fuel_Under-1k_1994,0.0703363914373089,0.0392156862745098,327,51,-0.0311207051627991
Double-Walled_Motor-Fuel-Mixed_12k-25k_1996,0.0412371134020619,0.0103092783505155,97,97,-0.0309278350515464
Double-Walled_Other-Fuel_Under-1k_1990,0.0204918032786885,0.0511627906976744,732,215,0.0306709874189859
Double-Walled_Motor-Fuel-Mixed_12k-25k_1994,0.0306122448979592,0,98,75,-0.0306122448979592
Unknown-Wall_Gasoline-Only_1k-5k_1988,0.0442610652663166,0.0746268656716418,1333,134,0.0303658004053252
Single-Walled_Other-Fuel_Under-1k_1986,0.0573770491803279,0.0876623376623377,8296,1540,0.0302852884820098
Double-Walled_Diesel-Only_12k-25k_1997,0.029940119760479,0,334,100,-0.029940119760479
Single-Walled_Gasoline-Only_Under-1k_1995,0.171052631578947,0.2,76,10,0.0289473684210526
Unknown-Wall_Diesel-Only_1k-5k_1990,0.0289256198347107,0,242,9,-0.0289256198347107
Single-Walled_Gasoline-Only_Under-1k_1985,0.0662136260672591,0.0951327433628319,5739,452,0.0289191172955728
Double-Walled_Gasoline-Only_1k-5k_1989,0.0112888052681091,0.0394736842105263,2126,152,0.0281848789424172
Single-Walled_Diesel-Only_Under-1k_1985,0.0541370394311571,0.0815660685154976,6188,613,0.0274290290843405
Unknown-Wall_Gasoline-Only_Under-1k_1988,0.0838709677419355,0.111111111111111,155,18,0.0272401433691756
Double-Walled_Gasoline-Only_5k-12k_1997,0.0271021542738013,0,1439,98,-0.0271021542738013
Single-Walled_Other-Fuel_1k-5k_1996,0.0268096514745308,0,746,60,-0.0268096514745308
Single-Walled_Other-Fuel_12k-25k_1987,0.00816629547141797,0.0348432055749129,1347,1435,0.0266769101034949
Single-Walled_Gasoline-Only_12k-25k_1987,0.00775649312492655,0.0338878619839803,8509,3246,0.0261313688590537
Single-Walled_Gasoline-Only_1k-5k_1997,0.0622119815668203,0.0882352941176471,868,34,0.0260233125508268
Double-Walled_Gasoline-Only_12k-25k_1991,0.00844978875528112,0.0343915343915344,3077,756,0.0259417456362533
Single-Walled_Gasoline-Only_Under-1k_1989,0.0525164113785558,0.0268456375838926,1371,149,-0.0256707737946632
Unknown-Wall_Gasoline-Only_5k-12k_1997,0.0256410256410256,0,78,6,-0.0256410256410256
Double-Walled_Diesel-Only_1k-5k_1986,0.0145772594752187,0.04,686,150,0.0254227405247813
Single-Walled_Gasoline-Only_1k-5k_1996,0.0253623188405797,0,1104,36,-0.0253623188405797
Single-Walled_Diesel-Only_1k-5k_1997,0.0224719101123596,0.0476190476190476,712,21,0.0251471375066881
Double-Walled_Diesel-Only_5k-12k_1996,0.0245161290322581,0,775,90,-0.0245161290322581
Single-Walled_Diesel-Only_25k-Plus_1985,0.0433212996389892,0.0194805194805195,277,154,-0.0238407801584697
Single-Walled_Other-Fuel_Under-1k_1989,0.0441934691873312,0.0675675675675676,4073,296,0.0233740983802364
Single-Walled_Other-Fuel_12k-25k_1985,0.0251730648206419,0.00185391175380052,1589,2697,-0.0233191530668414
Double-Walled_Gasoline-Only_Under-1k_1994,0.0232558139534884,0,86,5,-0.0232558139534884
Double-Walled_Other-Fuel_5k-12k_1997,0.0232558139534884,0,129,36,-0.0232558139534884
Double-Walled_Gasoline-Only_1k-5k_1986,0.0222772277227723,0.0454545454545455,808,176,0.0231773177317732
Unknown-Wall_Other-Fuel_25k-Plus_1987,0.1,0.0769230769230769,10,117,-0.0230769230769231
Single-Walled_Diesel-Only_Under-1k_1992,0.0229591836734694,0,392,7,-0.0229591836734694
Single-Walled_Other-Fuel_5k-12k_1997,0.022181146025878,0,541,160,-0.022181146025878
Double-Walled_Diesel-Only_1k-5k_1987,0.0130952380952381,0.0349344978165939,840,229,0.0218392597213558
Unknown-Wall_Other-Fuel_1k-5k_1994,0.0217391304347826,0,46,5,-0.0217391304347826
Single-Walled_Other-Fuel_12k-25k_1986,0.0263835263835264,0.0047071129707113,1554,1912,-0.0216764134128151
Unknown-Wall_Gasoline-Only_1k-5k_1986,0.0867415730337079,0.107981220657277,2225,213,0.0212396476235691
Double-Walled_Other-Fuel_12k-25k_1987,0.00505050505050505,0.0261194029850746,198,268,0.0210688979345696
Single-Walled_Other-Fuel_12k-25k_1988,0.0208136234626301,0.000806451612903226,1057,1240,-0.0200071718497269
Unknown-Wall_Gasoline-Only_5k-12k_1990,0.0199233716475096,0,1305,18,-0.0199233716475096
Double-Walled_Other-Fuel_1k-5k_1996,0.0199004975124378,0,201,63,-0.0199004975124378
Single-Walled_Diesel-Only_Under-1k_1990,0.0196506550218341,0,916,18,-0.0196506550218341
Double-Walled_Diesel-Only_12k-25k_1986,0.00404858299595142,0.0232558139534884,247,172,0.019207230957537
Single-Walled_Other-Fuel_Under-1k_1985,0.0541305930900558,0.0733070348454964,12359,3042,0.0191764417554406
Unknown-Wall_Gasoline-Only_5k-12k_1992,0.0187667560321716,0,373,7,-0.0187667560321716
Unknown-Wall_Diesel-Only_5k-12k_1991,0.0185185185185185,0,162,8,-0.0185185185185185
Single-Walled_Diesel-Only_Under-1k_1986,0.0578402759352613,0.0758928571428571,3769,224,0.0180525812075958
Double-Walled_Other-Fuel_Under-1k_1988,0.0280373831775701,0.0459016393442623,428,305,0.0178642561666922
Double-Walled_Diesel-Only_12k-25k_1989,0.00353045013239188,0.0213903743315508,1133,187,0.0178599241991589
Double-Walled_Other-Fuel_5k-12k_1985,0.0178571428571429,0,280,910,-0.0178571428571429
Double-Walled_Other-Fuel_12k-25k_1986,0,0.0176470588235294,130,170,0.0176470588235294
Single-Walled_Gasoline-Only_1k-5k_1992,0.0126382306477093,0.0302267002518892,5064,397,0.0175884696041798
Single-Walled_Gasoline-Only_Under-1k_1986,0.0806451612903226,0.0979591836734694,3658,245,0.0173140223831468
Double-Walled_Other-Fuel_1k-5k_1986,0.0229885057471264,0.0401459854014599,348,274,0.0171574796543334
Double-Walled_Other-Fuel_1k-5k_1995,0.00371747211895911,0.0208333333333333,269,48,0.0171158612143742
Double-Walled_Diesel-Only_1k-5k_1997,0.0168067226890756,0,357,12,-0.0168067226890756
Double-Walled_Diesel-Only_5k-12k_1987,0.0111441307578009,0.0277777777777778,1346,324,0.0166336470199769
Double-Walled_Other-Fuel_Under-1k_1987,0.0358974358974359,0.0524590163934426,195,305,0.0165615804960067
Double-Walled_Gasoline-Only_12k-25k_1996,0.0162398500936914,0,1601,615,-0.0162398500936914
Double-Walled_Diesel-Only_Under-1k_1988,0.0162337662337662,0,308,44,-0.0162337662337662
Single-Walled_Diesel-Only_25k-Plus_1986,0.0161290322580645,0,124,26,-0.0161290322580645
Single-Walled_Other-Fuel_5k-12k_1985,0.0199326476745244,0.00427263479145473,10987,14745,-0.0156600128830697
Single-Walled_Gasoline-Only_Under-1k_1990,0.039906103286385,0.0555555555555556,852,36,0.0156494522691706
Single-Walled_Diesel-Only_12k-25k_1988,0.0155796144705572,0,3787,572,-0.0155796144705572
Double-Walled_Other-Fuel_Under-1k_1992,0.0154639175257732,0,388,28,-0.0154639175257732
Double-Walled_Diesel-Only_1k-5k_1985,0.0181347150259067,0.0333333333333333,386,150,0.0151986183074266
Double-Walled_Diesel-Only_12k-25k_1996,0.015180265654649,0,527,144,-0.015180265654649
Double-Walled_Diesel-Only_25k-Plus_1988,0.0151515151515152,0,66,22,-0.0151515151515152
Single-Walled_Other-Fuel_1k-5k_1997,0.048689138576779,0.0638297872340426,534,47,0.0151406486572635
Double-Walled_Other-Fuel_1k-5k_1993,0.0151260504201681,0,595,144,-0.0151260504201681
Double-Walled_Diesel-Only_1k-5k_1988,0.0122699386503067,0.0271739130434783,1304,184,0.0149039743931715
Single-Walled_Gasoline-Only_1k-5k_1994,0.00779967159277504,0.0225988700564972,2436,177,0.0147991984637221
Unknown-Wall_Gasoline-Only_5k-12k_1991,0.0146231721034871,0,889,8,-0.0146231721034871
Unknown-Wall_Gasoline-Only_Under-1k_1987,0.113989637305699,0.0995475113122172,193,1547,-0.0144421259934823
Double-Walled_Other-Fuel_12k-25k_1989,0.0141242937853107,0,354,240,-0.0141242937853107
Single-Walled_Diesel-Only_5k-12k_1992,0.00303566911206678,0.0171306209850107,3953,467,0.0140949518729439
Double-Walled_Gasoline-Only_5k-12k_1987,0.00892561983471074,0.0227681246255243,3025,1669,0.0138425047908135
Single-Walled_Other-Fuel_12k-25k_1991,0.01314459049545,0,989,608,-0.01314459049545
Single-Walled_Diesel-Only_1k-5k_1994,0.00347739692001987,0.0163934426229508,2013,122,0.012916045702931
Single-Walled_Other-Fuel_1k-5k_1991,0.0192660550458716,0.00635930047694754,3270,629,-0.012906754568924
Single-Walled_Gasoline-Only_1k-5k_1991,0.0141867013212042,0.027027027027027,9234,703,0.0128403257058228
Single-Walled_Diesel-Only_1k-5k_1986,0.0351145038167939,0.0477290223248653,15065,1299,0.0126145185080714
Single-Walled_Other-Fuel_1k-5k_1989,0.0245690764085413,0.0126782884310618,7774,1262,-0.0118907879774795
Unknown-Wall_Other-Fuel_5k-12k_1986,0.0552763819095477,0.0670103092783505,597,194,0.0117339273688028
Single-Walled_Other-Fuel_5k-12k_1986,0.0191484001007811,0.00746609782111839,7938,6563,-0.0116823022796627
Single-Walled_Gasoline-Only_1k-5k_1986,0.045037477384337,0.0565074735690849,30952,2743,0.0114699961847479
Double-Walled_Other-Fuel_1k-5k_1989,0.0189491817398794,0.0303867403314917,1161,362,0.0114375585916123
Double-Walled_Motor-Fuel-Mixed_5k-12k_1996,0.0113636363636364,0,88,12,-0.0113636363636364
Single-Walled_Diesel-Only_1k-5k_1992,0.00820966214082728,0.0192307692307692,3167,208,0.011021107089942
Double-Walled_Gasoline-Only_12k-25k_1993,0.0107874865156419,0,1854,360,-0.0107874865156419
Single-Walled_Other-Fuel_1k-5k_1985,0.0455350366810018,0.0347654968842243,23718,6098,-0.0107695397967774
Double-Walled_Other-Fuel_12k-25k_1991,0.0105485232067511,0,474,328,-0.0105485232067511
Double-Walled_Diesel-Only_12k-25k_1985,0.0105263157894737,0,95,84,-0.0105263157894737
Single-Walled_Diesel-Only_1k-5k_1996,0.010054844606947,0.0204081632653061,1094,49,0.0103533186583591
Double-Walled_Other-Fuel_Under-1k_1995,0.0103092783505155,0,97,16,-0.0103092783505155
Double-Walled_Diesel-Only_1k-5k_1993,0.00238473767885533,0.0126582278481013,1258,79,0.0102734901692459
Double-Walled_Other-Fuel_1k-5k_1988,0.0132100396301189,0.0233009708737864,757,515,0.0100909312436675
Double-Walled_Diesel-Only_5k-12k_1990,0.00662460567823344,0.0167130919220056,3170,359,0.0100884862437721
Double-Walled_Gasoline-Only_12k-25k_1995,0.0100704934541793,0,1986,616,-0.0100704934541793
Double-Walled_Gasoline-Only_12k-25k_1986,0.00425531914893617,0.0141843971631206,235,282,0.0099290780141844
Double-Walled_Diesel-Only_5k-12k_1995,0.00991080277502478,0,1009,104,-0.00991080277502478
Single-Walled_Other-Fuel_Under-1k_1990,0.0333102012491325,0.0432098765432099,2882,162,0.00989967529407733
Double-Walled_Gasoline-Only_12k-25k_1994,0.0115812917594655,0.00171232876712329,2245,584,-0.00986896299234219
Single-Walled_Other-Fuel_25k-Plus_1985,0.00985221674876847,0,203,70,-0.00985221674876847
Double-Walled_Diesel-Only_12k-25k_1990,0.00403225806451613,0.013840830449827,1240,289,0.00980857238531086
Single-Walled_Diesel-Only_5k-12k_1988,0.0156399398989209,0.0061022120518688,14642,2622,-0.00953772784705211
Double-Walled_Gasoline-Only_1k-5k_1995,0.00952380952380953,0,420,36,-0.00952380952380953
Double-Walled_Gasoline-Only_1k-5k_1985,0.0223214285714286,0.0317460317460317,448,126,0.00942460317460317
Single-Walled_Other-Fuel_Under-1k_1988,0.0653735632183908,0.0747826086956522,6960,575,0.00940904547726137
Single-Walled_Other-Fuel_5k-12k_1988,0.0118421052631579,0.00256511444356748,6840,5068,-0.00927699081959041
Single-Walled_Gasoline-Only_12k-25k_1992,0.00444560669456067,0.0135635018495684,3824,811,0.00911789515500776
Double-Walled_Diesel-Only_1k-5k_1996,0.00907441016333938,0,551,27,-0.00907441016333938
Single-Walled_Other-Fuel_1k-5k_1995,0.0133196721311475,0.0223880597014925,976,134,0.009068387570345
Single-Walled_Gasoline-Only_1k-5k_1985,0.0482438523675637,0.0573107049608355,44814,7660,0.00906685259327181
Double-Walled_Gasoline-Only_5k-12k_1986,0.00684618895481515,0.0158582089552239,2191,1072,0.00901202000040873
Single-Walled_Other-Fuel_5k-12k_1993,0.0087956698240866,0,1478,876,-0.0087956698240866
Double-Walled_Other-Fuel_1k-5k_1994,0.00872093023255814,0,344,85,-0.00872093023255814
Double-Walled_Diesel-Only_5k-12k_1986,0.00966702470461869,0.0183823529411765,931,272,0.00871532823655778
Double-Walled_Diesel-Only_12k-25k_1995,0.00870827285921626,0,689,148,-0.00870827285921626
Single-Walled_Other-Fuel_5k-12k_1996,0.00854700854700855,0,819,231,-0.00854700854700855
Single-Walled_Gasoline-Only_1k-5k_1988,0.0486466305768154,0.040135669869983,26785,1769,-0.00851096070683234
Single-Walled_Diesel-Only_1k-5k_1990,0.0125497767587788,0.0207852193995381,8287,433,0.00823544264075929
Double-Walled_Gasoline-Only_12k-25k_1990,0.00619962802231866,0.0144329896907217,3226,970,0.00823336166840299
Double-Walled_Gasoline-Only_12k-25k_1985,0,0.00806451612903226,196,248,0.00806451612903226
Single-Walled_Diesel-Only_5k-12k_1989,0.0117061238752512,0.0036563071297989,11447,1641,-0.00804981674545225
Double-Walled_Other-Fuel_5k-12k_1995,0.00802139037433155,0,374,176,-0.00802139037433155
Double-Walled_Gasoline-Only_1k-5k_1990,0.00659493231516834,0.0144927536231884,2881,207,0.00789782130802006
Double-Walled_Gasoline-Only_5k-12k_1994,0.00786448880822747,0,3306,445,-0.00786448880822747
Single-Walled_Diesel-Only_12k-25k_1989,0.00799262219489702,0.0157068062827225,3253,382,0.00771418408782549
Single-Walled_Diesel-Only_5k-12k_1985,0.0256891055690981,0.0180384820951363,21332,7484,-0.00765062347396178
Unknown-Wall_Other-Fuel_12k-25k_1986,0.0379746835443038,0.0454545454545455,158,22,0.00747986191024166
Double-Walled_Diesel-Only_12k-25k_1991,0.00737704918032787,0,1220,152,-0.00737704918032787
Double-Walled_Diesel-Only_12k-25k_1994,0.00735294117647059,0,816,140,-0.00735294117647059
Double-Walled_Diesel-Only_Under-1k_1993,0.0072992700729927,0,274,6,-0.0072992700729927
Double-Walled_Other-Fuel_1k-5k_1992,0.00865265760197775,0.015748031496063,809,127,0.00709537389408524
Double-Walled_Other-Fuel_5k-12k_1987,0.00652173913043478,0.0135658914728682,460,1032,0.00704415234243344
Single-Walled_Other-Fuel_5k-12k_1994,0.0069284064665127,0,1299,815,-0.0069284064665127
Double-Walled_Other-Fuel_5k-12k_1988,0.00775193798449612,0.000896860986547085,774,1115,-0.00685507699794904
Single-Walled_Diesel-Only_1k-5k_1989,0.0195994430759345,0.0263157894736842,9337,608,0.00671634639774976
Single-Walled_Other-Fuel_5k-12k_1990,0.00895987534086482,0.0022898266274125,5134,3057,-0.00667004871345233
Double-Walled_Diesel-Only_5k-12k_1992,0.00614868641699273,0.0127388535031847,1789,157,0.00659016708619198
Single-Walled_Diesel-Only_5k-12k_1986,0.0226638772663877,0.016133442712606,17208,3657,-0.00653043455378177
Double-Walled_Other-Fuel_5k-12k_1986,0.00476190476190476,0.0112359550561798,210,534,0.00647405029427501
Double-Walled_Diesel-Only_Under-1k_1994,0.00641025641025641,0,156,5,-0.00641025641025641
Single-Walled_Other-Fuel_5k-12k_1992,0.0063913470993117,0,2034,1120,-0.0063913470993117
Single-Walled_Other-Fuel_12k-25k_1989,0.00807102502017756,0.00172413793103448,1239,580,-0.00634688708914308
Double-Walled_Gasoline-Only_12k-25k_1988,0.00340909090909091,0.00968523002421307,880,413,0.00627613911512217
Double-Walled_Other-Fuel_1k-5k_1997,0.0062111801242236,0,161,16,-0.0062111801242236
Single-Walled_Other-Fuel_12k-25k_1996,0.0062111801242236,0,322,264,-0.0062111801242236
Single-Walled_Other-Fuel_Under-1k_1991,0.0441537203597711,0.0380952380952381,1223,105,-0.00605848226453296
Double-Walled_Diesel-Only_12k-25k_1992,0.0055452865064695,0.0115384615384615,1082,260,0.00599317503199204
Double-Walled_Other-Fuel_1k-5k_1985,0.0125,0.0184331797235023,400,217,0.0059331797235023
Single-Walled_Gasoline-Only_5k-12k_1997,0.0132404181184669,0.0191082802547771,2870,314,0.00586786213631017
Single-Walled_Gasoline-Only_12k-25k_1988,0.0109927470534905,0.00518134715025907,8824,1737,-0.00581139990323141
Single-Walled_Other-Fuel_5k-12k_1989,0.0076271186440678,0.00184794086589229,5900,3788,-0.00577917777817551
Double-Walled_Gasoline-Only_1k-5k_1997,0.00576368876080692,0,347,8,-0.00576368876080692
Double-Walled_Gasoline-Only_1k-5k_1992,0.0106302201974184,0.0163934426229508,1317,61,0.00576322242553245
Single-Walled_Diesel-Only_1k-5k_1995,0.00477489768076398,0.0104166666666667,1466,96,0.00564176898590268
Single-Walled_Diesel-Only_5k-12k_1996,0.0053970701619121,0,1297,207,-0.0053970701619121
Single-Walled_Other-Fuel_1k-5k_1988,0.0316697191697192,0.0263157894736842,13104,2014,-0.00535392969603496
Single-Walled_Gasoline-Only_12k-25k_1991,0.00343229792345976,0.00865800865800866,5827,1155,0.0052257107345489
Single-Walled_Diesel-Only_1k-5k_1988,0.0343637093536732,0.0291479820627803,12455,892,-0.00521572729089295
Single-Walled_Other-Fuel_12k-25k_1994,0.0051413881748072,0,389,410,-0.0051413881748072
Single-Walled_Gasoline-Only_12k-25k_1997,0.00508474576271186,0,1770,516,-0.00508474576271186
Single-Walled_Diesel-Only_1k-5k_1991,0.0108542713567839,0.0058252427184466,4975,515,-0.00502902863833732
Double-Walled_Other-Fuel_12k-25k_1990,0.005,0,600,306,-0.005
Single-Walled_Gasoline-Only_5k-12k_1993,0.00267750892502975,0.00766773162939297,10084,1565,0.00499022270436322
Double-Walled_Diesel-Only_5k-12k_1988,0.00682773109243698,0.0117647058823529,1904,510,0.00493697478991597
Single-Walled_Gasoline-Only_5k-12k_1994,0.00115968920329352,0.0060790273556231,8623,1645,0.00491933815232958
Double-Walled_Motor-Fuel-Mixed_5k-12k_1990,0.00483091787439614,0,207,9,-0.00483091787439614
Single-Walled_Diesel-Only_12k-25k_1996,0.0048,0,625,159,-0.0048
Single-Walled_Diesel-Only_12k-25k_1990,0.00650759219088937,0.00171526586620926,3227,583,-0.00479232632468011
Double-Walled_Gasoline-Only_5k-12k_1996,0.00470957613814757,0,1911,264,-0.00470957613814757
Double-Walled_Other-Fuel_5k-12k_1992,0.00464396284829721,0,646,371,-0.00464396284829721
Single-Walled_Other-Fuel_12k-25k_1997,0.0050761421319797,0.00970873786407767,197,103,0.00463259573209797
Double-Walled_Diesel-Only_5k-12k_1989,0.00706159278148293,0.00245700245700246,2549,407,-0.00460459032448048
Single-Walled_Gasoline-Only_5k-12k_1988,0.0132576049881932,0.00867658276125095,64793,10488,-0.00458102222694222
Single-Walled_Diesel-Only_12k-25k_1997,0.00749063670411985,0.0120481927710843,534,83,0.00455755606696449
Unknown-Wall_Other-Fuel_5k-12k_1988,0.0387323943661972,0.0432692307692308,284,208,0.00453683640303359
Single-Walled_Diesel-Only_Under-1k_1993,0.00432900432900433,0,231,18,-0.00432900432900433
Single-Walled_Diesel-Only_12k-25k_1991,0.00666370501999112,0.010989010989011,2251,364,0.00432530596901987
Single-Walled_Gasoline-Only_5k-12k_1991,0.00507011373498379,0.00936680404645935,21893,2669,0.00429669031147556
Single-Walled_Other-Fuel_12k-25k_1990,0.00418060200668896,0,1196,837,-0.00418060200668896
Single-Walled_Diesel-Only_1k-5k_1985,0.0434035038802918,0.04750346740638,21519,2884,0.00409996352608819
Double-Walled_Gasoline-Only_1k-5k_1996,0.00409836065573771,0,488,3,-0.00409836065573771
Double-Walled_Gasoline-Only_1k-5k_1994,0.00408719346049046,0,734,20,-0.00408719346049046
Double-Walled_Diesel-Only_12k-25k_1993,0.00408163265306122,0,735,174,-0.00408163265306122
Single-Walled_Diesel-Only_5k-12k_1995,0.00160857908847185,0.00564971751412429,1865,354,0.00404113842565244
Double-Walled_Gasoline-Only_5k-12k_1993,0.00475657526580862,0.00879765395894428,3574,341,0.00404107869313566
Single-Walled_Gasoline-Only_12k-25k_1989,0.00860479409956976,0.00457317073170732,8135,1312,-0.00403162336786244
Single-Walled_Gasoline-Only_1k-5k_1989,0.0266222961730449,0.0305676855895197,18030,1374,0.00394538941647472
Double-Walled_Diesel-Only_1k-5k_1992,0.00387096774193548,0,1550,84,-0.00387096774193548
Double-Walled_Other-Fuel_12k-25k_1988,0.00821917808219178,0.0119521912350598,365,251,0.00373301315286798
Double-Walled_Other-Fuel_12k-25k_1994,0.0036231884057971,0,276,285,-0.0036231884057971
Unknown-Wall_Other-Fuel_5k-12k_1985,0.0466321243523316,0.0430107526881721,579,558,-0.00362137166415956
Single-Walled_Other-Fuel_1k-5k_1994,0.0135338345864662,0.0170940170940171,1330,234,0.00356018250755093
Double-Walled_Gasoline-Only_5k-12k_1990,0.00512820512820513,0.00867052023121387,10725,1384,0.00354231510300874
Unknown-Wall_Other-Fuel_12k-25k_1985,0.0256410256410256,0.0222222222222222,156,45,-0.00341880341880342
Single-Walled_Diesel-Only_12k-25k_1985,0.0233519824860131,0.0200907323395982,4111,1543,-0.00326125014641495
Single-Walled_Gasoline-Only_12k-25k_1986,0.012834111158252,0.00957354221061793,9428,2298,-0.00326056894763409
Double-Walled_Gasoline-Only_5k-12k_1992,0.00711040884850879,0.00396825396825397,5063,504,-0.00314215488025482
Double-Walled_Gasoline-Only_5k-12k_1988,0.00579809004092769,0.00893796004206099,5864,1902,0.00313987000113329
Double-Walled_Other-Fuel_5k-12k_1991,0.00492004920049201,0.00186915887850467,813,535,-0.00305089032198733
Double-Walled_Other-Fuel_5k-12k_1993,0.00639658848614073,0.00340136054421769,469,294,-0.00299522794192304
Single-Walled_Other-Fuel_5k-12k_1991,0.00608166811468289,0.00316856780735108,2302,1578,-0.00291310030733181
Double-Walled_Gasoline-Only_12k-25k_1987,0.0153846153846154,0.0182370820668693,520,329,0.00285246668225391
Single-Walled_Gasoline-Only_1k-5k_1990,0.0194858471215643,0.0223123732251521,14626,986,0.00282652610358779
Single-Walled_Diesel-Only_5k-12k_1993,0.00246913580246914,0.0051948051948052,2835,385,0.00272566939233606
Single-Walled_Other-Fuel_5k-12k_1995,0.00449236298292902,0.00176991150442478,1113,565,-0.00272245147850424
Single-Walled_Diesel-Only_12k-25k_1993,0.00183318056828598,0.00436681222707424,1091,229,0.00253363165878826
Double-Walled_Gasoline-Only_12k-25k_1992,0.00571177504393673,0.00821355236139631,2276,487,0.00250177731745957
Double-Walled_Other-Fuel_5k-12k_1994,0.00246305418719212,0,406,190,-0.00246305418719212
Double-Walled_Other-Fuel_12k-25k_1992,0.00245700245700246,0,407,301,-0.00245700245700246
Single-Walled_Other-Fuel_1k-5k_1993,0.0194057004244997,0.0217391304347826,1649,230,0.00233343001028291
Double-Walled_Gasoline-Only_5k-12k_1985,0.00557103064066852,0.00782778864970646,1795,1022,0.00225675800903793
Double-Walled_Gasoline-Only_5k-12k_1991,0.00813995869274693,0.010377358490566,8231,1060,0.00223739979781911
Single-Walled_Gasoline-Only_12k-25k_1996,0.00218627022299956,0,2287,732,-0.00218627022299956
Single-Walled_Other-Fuel_12k-25k_1993,0.00210526315789474,0,475,324,-0.00210526315789474
Unknown-Wall_Other-Fuel_Under-1k_1986,0.0683760683760684,0.0662824207492795,819,347,-0.00209364762678885
Single-Walled_Diesel-Only_12k-25k_1992,0.00591715976331361,0.00386100386100386,1521,259,-0.00205615590230975
Single-Walled_Gasoline-Only_12k-25k_1985,0.0139647207055859,0.0120540019286403,9524,4148,-0.00191071877694558
Double-Walled_Diesel-Only_5k-12k_1985,0.00350877192982456,0.00539083557951483,570,371,0.00188206364969026
Double-Walled_Diesel-Only_5k-12k_1994,0.00909090909090909,0.0072463768115942,1320,138,-0.00184453227931489
Single-Walled_Diesel-Only_5k-12k_1994,0.00438981562774364,0.00259067357512953,2278,386,-0.0017991420526141
Single-Walled_Gasoline-Only_5k-12k_1986,0.0145740386658169,0.0127991096271564,70605,14376,-0.0017749290386605
Single-Walled_Diesel-Only_12k-25k_1994,0.00176678445229682,0,1132,160,-0.00176678445229682
Single-Walled_Gasoline-Only_12k-25k_1995,0.0027182120205376,0.00114678899082569,3311,872,-0.00157142302971191
Single-Walled_Gasoline-Only_12k-25k_1993,0.00253485424588086,0.0040595399188092,3156,739,0.00152468567292834
Single-Walled_Gasoline-Only_5k-12k_1992,0.00401606425702811,0.00550206327372765,13446,2181,0.00148599901669954
Double-Walled_Gasoline-Only_1k-5k_1991,0.00994530084535057,0.00847457627118644,2011,118,-0.00147072457416413
Double-Walled_Other-Fuel_5k-12k_1990,0.0035810205908684,0.0050125313283208,1117,798,0.0014315107374524
Single-Walled_Gasoline-Only_12k-25k_1990,0.00587308408537459,0.00451722190852626,6981,1771,-0.00135586217684833
Double-Walled_Gasoline-Only_5k-12k_1995,0.00548195523069895,0.00675675675675676,2189,444,0.00127480152605781
Single-Walled_Other-Fuel_1k-5k_1992,0.00747442958300551,0.0087463556851312,2542,343,0.00127192610212569
Single-Walled_Gasoline-Only_5k-12k_1995,0.00407076874902145,0.00532859680284192,6387,1126,0.00125782805382047
Double-Walled_Diesel-Only_12k-25k_1988,0.0102389078498294,0.0114942528735632,586,174,0.00125534502373387
Single-Walled_Diesel-Only_5k-12k_1997,0.00896057347670251,0.0102040816326531,1116,98,0.00124350815595055
Single-Walled_Diesel-Only_12k-25k_1995,0.00115074798619102,0,869,188,-0.00115074798619102
Single-Walled_Gasoline-Only_5k-12k_1996,0.00160036579789666,0.00273972602739726,4374,730,0.0011393602295006
Double-Walled_Other-Fuel_5k-12k_1989,0.0031023784901758,0.0041958041958042,967,715,0.00109342570562839
Single-Walled_Diesel-Only_1k-5k_1993,0.00724020442930153,0.00826446280991736,2348,121,0.00102425838061582
Single-Walled_Gasoline-Only_5k-12k_1989,0.00982656532146307,0.00885739592559787,47626,6774,-0.000969169395865192
Double-Walled_Diesel-Only_5k-12k_1991,0.00366166239472721,0.00462962962962963,2731,432,0.000967967234902423
Double-Walled_Gasoline-Only_1k-5k_1993,0.000920810313075506,0,1086,60,-0.000920810313075506
Single-Walled_Other-Fuel_1k-5k_1986,0.0368005058488776,0.0376932989690722,15815,3104,0.000892793120194517
Double-Walled_Gasoline-Only_5k-12k_1989,0.00676506765067651,0.00600764609503004,8130,1831,-0.000757421555646469
Double-Walled_Diesel-Only_5k-12k_1993,0.00905660377358491,0.00833333333333333,1325,120,-0.000723270440251573
Single-Walled_Diesel-Only_5k-12k_1991,0.00708346165691407,0.0078003120124805,6494,641,0.000716850355566425
Double-Walled_Gasoline-Only_12k-25k_1989,0.00439174352217831,0.00508474576271186,2277,590,0.000693002240533559
Single-Walled_Diesel-Only_5k-12k_1990,0.00892250994083988,0.00826446280991736,10311,1210,-0.000658047130922525
Single-Walled_Gasoline-Only_5k-12k_1985,0.0185228164406574,0.0179301881647123,90483,29336,-0.000592628275945063
Single-Walled_Diesel-Only_12k-25k_1986,0.0173237753882915,0.016973125884017,3348,707,-0.000350649504274544
Single-Walled_Other-Fuel_1k-5k_1990,0.0173250173250173,0.0172562553925798,5772,1159,-0.0000687619324375131
Single-Walled_Gasoline-Only_5k-12k_1990,0.00684766617627391,0.00683994528043776,37385,5117,-0.00000772089583615018
Double-Walled_Diesel-Only_25k-Plus_1994,0,0,55,20,0
Double-Walled_Diesel-Only_25k-Plus_1995,0,0,64,4,0
Double-Walled_Diesel-Only_Under-1k_1995,0,0,92,4,0
Double-Walled_Gasoline-Only_25k-Plus_1994,0,0,50,25,0
Double-Walled_Gasoline-Only_25k-Plus_1996,0,0,9,6,0
Double-Walled_Gasoline-Only_25k-Plus_1997,0,0,24,2,0
Double-Walled_Gasoline-Only_Under-1k_1991,0,0,232,16,0
Double-Walled_Motor-Fuel-Mixed_12k-25k_1992,0,0,133,112,0
Double-Walled_Motor-Fuel-Mixed_1k-5k_1992,0,0,21,7,0
Double-Walled_Motor-Fuel-Mixed_1k-5k_1995,0,0,12,4,0
Double-Walled_Motor-Fuel-Mixed_25k-Plus_1997,0,0,2,2,0
Double-Walled_Motor-Fuel-Mixed_5k-12k_1987,0,0,12,12,0
Double-Walled_Motor-Fuel-Mixed_5k-12k_1992,0,0,98,14,0
Double-Walled_Other-Fuel_12k-25k_1985,0,0,14,196,0
Double-Walled_Other-Fuel_12k-25k_1993,0,0,252,216,0
Double-Walled_Other-Fuel_12k-25k_1995,0,0,236,204,0
Double-Walled_Other-Fuel_12k-25k_1997,0,0,78,110,0
Double-Walled_Other-Fuel_25k-Plus_1991,0,0,8,8,0
Double-Walled_Other-Fuel_25k-Plus_1992,0,0,77,21,0
Double-Walled_Other-Fuel_25k-Plus_1993,0,0,24,30,0
Double-Walled_Other-Fuel_25k-Plus_1995,0,0,4,4,0
Double-Walled_Other-Fuel_25k-Plus_1996,0,0,36,3,0
Double-Walled_Other-Fuel_5k-12k_1996,0,0,186,150,0
Double-Walled_Other-Fuel_Under-1k_1996,0,0,54,15,0
Double-Walled_Other-Fuel_Under-1k_1997,0,0,36,2,0
Single-Walled_Diesel-Only_25k-Plus_1995,0,0,28,8,0
Single-Walled_Diesel-Only_25k-Plus_1996,0,0,39,12,0
Single-Walled_Gasoline-Only_12k-25k_1994,0,0,3625,820,0
Single-Walled_Gasoline-Only_25k-Plus_1992,0,0,14,7,0
Single-Walled_Gasoline-Only_25k-Plus_1994,0,0,10,10,0
Single-Walled_Gasoline-Only_25k-Plus_1996,0,0,12,3,0
Single-Walled_Gasoline-Only_25k-Plus_1997,0,0,8,6,0
Single-Walled_Motor-Fuel-Mixed_12k-25k_1987,0,0,24,36,0
Single-Walled_Motor-Fuel-Mixed_12k-25k_1988,0,0,44,11,0
Single-Walled_Motor-Fuel-Mixed_12k-25k_1990,0,0,99,36,0
Single-Walled_Motor-Fuel-Mixed_12k-25k_1991,0,0,96,88,0
Single-Walled_Motor-Fuel-Mixed_12k-25k_1992,0,0,98,189,0
Single-Walled_Motor-Fuel-Mixed_12k-25k_1993,0,0,132,126,0
Single-Walled_Motor-Fuel-Mixed_12k-25k_1994,0,0,115,175,0
Single-Walled_Motor-Fuel-Mixed_12k-25k_1995,0,0,136,172,0
Single-Walled_Motor-Fuel-Mixed_12k-25k_1996,0,0,90,219,0
Single-Walled_Motor-Fuel-Mixed_12k-25k_1997,0,0,72,150,0
Single-Walled_Motor-Fuel-Mixed_1k-5k_1992,0,0,14,7,0
Single-Walled_Motor-Fuel-Mixed_1k-5k_1993,0,0,18,12,0
Single-Walled_Motor-Fuel-Mixed_1k-5k_1994,0,0,30,10,0
Single-Walled_Motor-Fuel-Mixed_1k-5k_1996,0,0,12,3,0
Single-Walled_Motor-Fuel-Mixed_1k-5k_1997,0,0,10,2,0
Single-Walled_Motor-Fuel-Mixed_5k-12k_1987,0,0,144,12,0
Single-Walled_Motor-Fuel-Mixed_5k-12k_1989,0,0,190,10,0
Single-Walled_Motor-Fuel-Mixed_5k-12k_1990,0,0,126,45,0
Single-Walled_Motor-Fuel-Mixed_5k-12k_1991,0,0,120,80,0
Single-Walled_Motor-Fuel-Mixed_5k-12k_1992,0,0,77,147,0
Single-Walled_Motor-Fuel-Mixed_5k-12k_1993,0,0,72,120,0
Single-Walled_Motor-Fuel-Mixed_5k-12k_1994,0,0,80,85,0
Single-Walled_Motor-Fuel-Mixed_5k-12k_1995,0,0,80,80,0
Single-Walled_Motor-Fuel-Mixed_5k-12k_1996,0,0,63,63,0
Single-Walled_Motor-Fuel-Mixed_5k-12k_1997,0,0,70,44,0
Single-Walled_Other-Fuel_12k-25k_1992,0,0,497,336,0
Single-Walled_Other-Fuel_12k-25k_1995,0,0,360,284,0
Single-Walled_Other-Fuel_25k-Plus_1991,0,0,8,32,0
Single-Walled_Other-Fuel_25k-Plus_1995,0,0,20,16,0
Single-Walled_Other-Fuel_25k-Plus_1997,0,0,6,2,0
Unknown-Wall_Diesel-Only_12k-25k_1994,0,0,20,5,0
Unknown-Wall_Diesel-Only_5k-12k_1997,0,0,26,2,0
Unknown-Wall_Other-Fuel_12k-25k_1997,0,0,2,2,0
Unknown-Wall_Other-Fuel_5k-12k_1994,0,0,20,10,0
Unknown-Wall_Other-Fuel_5k-12k_1996,0,0,12,6,0
Double-Walled_Diesel-Only_25k-Plus_1986,0,,13,,
Double-Walled_Diesel-Only_25k-Plus_1987,,0.1,,40,
Double-Walled_Diesel-Only_25k-Plus_1989,0,,40,,
Double-Walled_Diesel-Only_25k-Plus_1990,0,,108,,
Double-Walled_Diesel-Only_25k-Plus_1991,0.121621621621622,,74,,
Double-Walled_Diesel-Only_25k-Plus_1992,0,,77,,
Double-Walled_Diesel-Only_25k-Plus_1993,0,,42,,
Double-Walled_Diesel-Only_25k-Plus_1996,0.0294117647058824,,34,,
Double-Walled_Diesel-Only_25k-Plus_1997,0.0588235294117647,,34,,
Double-Walled_Diesel-Only_Under-1k_1986,0.00591715976331361,,169,,
Double-Walled_Diesel-Only_Under-1k_1996,0.0147058823529412,,68,,
Double-Walled_Diesel-Only_Under-1k_1997,0.0476190476190476,,42,,
Double-Walled_Gasoline-Only_25k-Plus_1987,,0.0909090909090909,,11,
Double-Walled_Gasoline-Only_25k-Plus_1988,0,,11,,
Double-Walled_Gasoline-Only_25k-Plus_1989,0,,40,,
Double-Walled_Gasoline-Only_25k-Plus_1990,0,,45,,
Double-Walled_Gasoline-Only_25k-Plus_1991,0,,24,,
Double-Walled_Gasoline-Only_25k-Plus_1992,0,,28,,
Double-Walled_Gasoline-Only_25k-Plus_1993,0,,30,,
Double-Walled_Gasoline-Only_25k-Plus_1995,0,,8,,
Double-Walled_Gasoline-Only_Under-1k_1993,0.00980392156862745,,102,,
Double-Walled_Gasoline-Only_Under-1k_1995,0,,40,,
Double-Walled_Gasoline-Only_Under-1k_1996,0,,30,,
Double-Walled_Gasoline-Only_Under-1k_1997,0,,16,,
Double-Walled_Motor-Fuel-Mixed_12k-25k_1986,0,,13,,
Double-Walled_Motor-Fuel-Mixed_12k-25k_1987,,0,,36,
Double-Walled_Motor-Fuel-Mixed_12k-25k_1988,0,,22,,
Double-Walled_Motor-Fuel-Mixed_12k-25k_1989,0,,50,,
Double-Walled_Motor-Fuel-Mixed_12k-25k_1990,0,,90,,
Double-Walled_Motor-Fuel-Mixed_1k-5k_1988,0,,11,,
Double-Walled_Motor-Fuel-Mixed_1k-5k_1989,0,,10,,
Double-Walled_Motor-Fuel-Mixed_1k-5k_1990,0,,27,,
Double-Walled_Motor-Fuel-Mixed_1k-5k_1993,0.0526315789473684,,19,,
Double-Walled_Motor-Fuel-Mixed_1k-5k_1994,0,,25,,
Double-Walled_Motor-Fuel-Mixed_1k-5k_1996,0,,36,,
Double-Walled_Motor-Fuel-Mixed_1k-5k_1997,0.0833333333333333,,24,,
Double-Walled_Motor-Fuel-Mixed_25k-Plus_1992,0,,7,,
Double-Walled_Motor-Fuel-Mixed_5k-12k_1985,0,,56,,
Double-Walled_Motor-Fuel-Mixed_5k-12k_1986,0,,26,,
Double-Walled_Motor-Fuel-Mixed_5k-12k_1988,0,,33,,
Double-Walled_Motor-Fuel-Mixed_5k-12k_1989,0,,60,,
Double-Walled_Motor-Fuel-Mixed_5k-12k_1991,0,,200,,
Double-Walled_Motor-Fuel-Mixed_Under-1k_1992,0,,7,,
Double-Walled_Motor-Fuel-Mixed_Under-1k_1997,0,,2,,
Double-Walled_Other-Fuel_25k-Plus_1985,0.125,,8,,
Double-Walled_Other-Fuel_25k-Plus_1986,0,,13,,
Double-Walled_Other-Fuel_25k-Plus_1987,0,,12,,
Double-Walled_Other-Fuel_25k-Plus_1988,0,,22,,
Double-Walled_Other-Fuel_25k-Plus_1989,0.0208333333333333,,48,,
Double-Walled_Other-Fuel_25k-Plus_1990,0,,81,,
Double-Walled_Other-Fuel_25k-Plus_1994,0,,45,,
Double-Walled_Other-Fuel_25k-Plus_1997,0.111111111111111,,9,,
Single-Walled_Diesel-Only_25k-Plus_1988,0.0252525252525253,,198,,
Single-Walled_Diesel-Only_25k-Plus_1992,0,,35,,
Single-Walled_Diesel-Only_25k-Plus_1993,0.125,,16,,
Single-Walled_Diesel-Only_25k-Plus_1994,0,,10,,
Single-Walled_Diesel-Only_25k-Plus_1997,0,,20,,
Single-Walled_Diesel-Only_Under-1k_1995,0.024390243902439,,123,,
Single-Walled_Diesel-Only_Under-1k_1996,0.0574712643678161,,87,,
Single-Walled_Gasoline-Only_25k-Plus_1989,0.0144927536231884,,69,,
Single-Walled_Gasoline-Only_25k-Plus_1990,0.0112359550561798,,89,,
Single-Walled_Gasoline-Only_25k-Plus_1993,0,,12,,
Single-Walled_Gasoline-Only_Under-1k_1992,0.0505415162454874,,277,,
Single-Walled_Gasoline-Only_Under-1k_1994,0.0826446280991736,,121,,
Single-Walled_Motor-Fuel-Mixed_12k-25k_1985,0,,42,,
Single-Walled_Motor-Fuel-Mixed_12k-25k_1986,0,,104,,
Single-Walled_Motor-Fuel-Mixed_12k-25k_1989,0,,120,,
Single-Walled_Motor-Fuel-Mixed_1k-5k_1985,0,,28,,
Single-Walled_Motor-Fuel-Mixed_1k-5k_1986,0,,52,,
Single-Walled_Motor-Fuel-Mixed_1k-5k_1988,0.0303030303030303,,66,,
Single-Walled_Motor-Fuel-Mixed_1k-5k_1989,0.025,,40,,
Single-Walled_Motor-Fuel-Mixed_1k-5k_1990,0,,36,,
Single-Walled_Motor-Fuel-Mixed_1k-5k_1991,0,,40,,
Single-Walled_Motor-Fuel-Mixed_1k-5k_1995,0,,36,,
Single-Walled_Motor-Fuel-Mixed_25k-Plus_1988,,0,,22,
Single-Walled_Motor-Fuel-Mixed_25k-Plus_1992,,0,,28,
Single-Walled_Motor-Fuel-Mixed_25k-Plus_1993,,0,,6,
Single-Walled_Motor-Fuel-Mixed_25k-Plus_1994,,0,,5,
Single-Walled_Motor-Fuel-Mixed_25k-Plus_1995,,0,,4,
Single-Walled_Motor-Fuel-Mixed_25k-Plus_1996,,0,,6,
Single-Walled_Motor-Fuel-Mixed_25k-Plus_1997,,0,,6,
Single-Walled_Motor-Fuel-Mixed_5k-12k_1985,0,,154,,
Single-Walled_Motor-Fuel-Mixed_5k-12k_1986,0,,351,,
Single-Walled_Motor-Fuel-Mixed_5k-12k_1988,0.00699300699300699,,143,,
Single-Walled_Motor-Fuel-Mixed_Under-1k_1988,0,,11,,
Single-Walled_Motor-Fuel-Mixed_Under-1k_1989,0.25,,4,,
Single-Walled_Other-Fuel_25k-Plus_1988,0.133333333333333,,45,,
Single-Walled_Other-Fuel_25k-Plus_1989,0.037037037037037,,54,,
Single-Walled_Other-Fuel_25k-Plus_1990,0.0357142857142857,,28,,
Single-Walled_Other-Fuel_25k-Plus_1993,1,,1,,
Single-Walled_Other-Fuel_25k-Plus_1994,,0,,5,
Single-Walled_Other-Fuel_25k-Plus_1996,0,,3,,
Unknown-Wall_Diesel-Only_12k-25k_1989,0.00188679245283019,,530,,
Unknown-Wall_Diesel-Only_12k-25k_1990,0.0147058823529412,,68,,
Unknown-Wall_Diesel-Only_12k-25k_1991,0,,72,,
Unknown-Wall_Diesel-Only_12k-25k_1992,0.0555555555555556,,18,,
Unknown-Wall_Diesel-Only_12k-25k_1993,0.0256410256410256,,39,,
Unknown-Wall_Diesel-Only_12k-25k_1995,0,,16,,
Unknown-Wall_Diesel-Only_12k-25k_1996,0,,18,,
Unknown-Wall_Diesel-Only_12k-25k_1997,0,,10,,
Unknown-Wall_Diesel-Only_1k-5k_1991,0.0192307692307692,,156,,
Unknown-Wall_Diesel-Only_1k-5k_1992,0.0136986301369863,,73,,
Unknown-Wall_Diesel-Only_1k-5k_1993,0.0169491525423729,,59,,
Unknown-Wall_Diesel-Only_1k-5k_1994,0,,75,,
Unknown-Wall_Diesel-Only_1k-5k_1995,0,,68,,
Unknown-Wall_Diesel-Only_1k-5k_1996,0,,24,,
Unknown-Wall_Diesel-Only_1k-5k_1997,0,,14,,
Unknown-Wall_Diesel-Only_25k-Plus_1985,0.0211640211640212,,189,,
Unknown-Wall_Diesel-Only_25k-Plus_1986,0,,65,,
Unknown-Wall_Diesel-Only_25k-Plus_1987,0.19047619047619,,21,,
Unknown-Wall_Diesel-Only_25k-Plus_1988,0.0625,,16,,
Unknown-Wall_Diesel-Only_25k-Plus_1989,0,,20,,
Unknown-Wall_Diesel-Only_25k-Plus_1996,0,,3,,
Unknown-Wall_Diesel-Only_5k-12k_1990,0.00483091787439614,,207,,
Unknown-Wall_Diesel-Only_5k-12k_1992,0,,49,,
Unknown-Wall_Diesel-Only_5k-12k_1993,0.010752688172043,,93,,
Unknown-Wall_Diesel-Only_5k-12k_1994,0,,80,,
Unknown-Wall_Diesel-Only_5k-12k_1995,0,,24,,
Unknown-Wall_Diesel-Only_5k-12k_1996,0,,12,,
Unknown-Wall_Diesel-Only_Under-1k_1990,0.0789473684210526,,38,,
Unknown-Wall_Diesel-Only_Under-1k_1991,0.166666666666667,,18,,
Unknown-Wall_Diesel-Only_Under-1k_1992,0,,28,,
Unknown-Wall_Diesel-Only_Under-1k_1993,0,,6,,
Unknown-Wall_Diesel-Only_Under-1k_1994,0,,15,,
Unknown-Wall_Diesel-Only_Under-1k_1995,0,,4,,
Unknown-Wall_Gasoline-Only_12k-25k_1990,0.0138888888888889,,216,,
Unknown-Wall_Gasoline-Only_12k-25k_1991,0,,232,,
Unknown-Wall_Gasoline-Only_12k-25k_1992,0.0303030303030303,,99,,
Unknown-Wall_Gasoline-Only_12k-25k_1993,0.0285714285714286,,105,,
Unknown-Wall_Gasoline-Only_12k-25k_1994,0,,55,,
Unknown-Wall_Gasoline-Only_12k-25k_1995,0,,48,,
Unknown-Wall_Gasoline-Only_12k-25k_1996,0,,30,,
Unknown-Wall_Gasoline-Only_12k-25k_1997,0,,18,,
Unknown-Wall_Gasoline-Only_1k-5k_1992,0.0271739130434783,,184,,
Unknown-Wall_Gasoline-Only_1k-5k_1993,0.028169014084507,,142,,
Unknown-Wall_Gasoline-Only_1k-5k_1994,0,,85,,
Unknown-Wall_Gasoline-Only_1k-5k_1995,0.0447761194029851,,67,,
Unknown-Wall_Gasoline-Only_1k-5k_1996,0.142857142857143,,28,,
Unknown-Wall_Gasoline-Only_1k-5k_1997,0.1,,20,,
Unknown-Wall_Gasoline-Only_25k-Plus_1985,0.0806451612903226,,62,,
Unknown-Wall_Gasoline-Only_25k-Plus_1986,0.227272727272727,,22,,
Unknown-Wall_Gasoline-Only_25k-Plus_1991,0.384615384615385,,13,,
Unknown-Wall_Gasoline-Only_5k-12k_1993,0.00835654596100279,,359,,
Unknown-Wall_Gasoline-Only_5k-12k_1994,0,,295,,
Unknown-Wall_Gasoline-Only_5k-12k_1995,0,,160,,
Unknown-Wall_Gasoline-Only_5k-12k_1996,0.0123456790123457,,81,,
Unknown-Wall_Gasoline-Only_Under-1k_1990,0.0471698113207547,,106,,
Unknown-Wall_Gasoline-Only_Under-1k_1991,0.0588235294117647,,17,,
Unknown-Wall_Gasoline-Only_Under-1k_1992,0.0476190476190476,,21,,
Unknown-Wall_Gasoline-Only_Under-1k_1993,0,,6,,
Unknown-Wall_Gasoline-Only_Under-1k_1995,0.0625,,16,,
Unknown-Wall_Gasoline-Only_Under-1k_1997,0,,4,,
Unknown-Wall_Motor-Fuel-Mixed_12k-25k_1986,0,,13,,
Unknown-Wall_Motor-Fuel-Mixed_12k-25k_1987,0,,12,,
Unknown-Wall_Motor-Fuel-Mixed_12k-25k_1988,0,,22,,
Unknown-Wall_Motor-Fuel-Mixed_12k-25k_1996,0,,3,,
Unknown-Wall_Motor-Fuel-Mixed_1k-5k_1986,0,,39,,
Unknown-Wall_Motor-Fuel-Mixed_1k-5k_1988,0,,11,,
Unknown-Wall_Motor-Fuel-Mixed_1k-5k_1989,0,,20,,
Unknown-Wall_Motor-Fuel-Mixed_5k-12k_1985,0,,140,,
Unknown-Wall_Motor-Fuel-Mixed_5k-12k_1986,0,,104,,
Unknown-Wall_Motor-Fuel-Mixed_5k-12k_1987,0,,204,,
Unknown-Wall_Motor-Fuel-Mixed_5k-12k_1988,0,,143,,
Unknown-Wall_Motor-Fuel-Mixed_5k-12k_1989,0,,120,,
Unknown-Wall_Motor-Fuel-Mixed_5k-12k_1990,0,,9,,
Unknown-Wall_Motor-Fuel-Mixed_5k-12k_1992,,0,,7,
Unknown-Wall_Motor-Fuel-Mixed_5k-12k_1994,0,,10,,
Unknown-Wall_Motor-Fuel-Mixed_5k-12k_1997,0,,2,,
Unknown-Wall_Motor-Fuel-Mixed_Under-1k_1986,0,,13,,
Unknown-Wall_Other-Fuel_12k-25k_1991,0.087719298245614,,57,,
Unknown-Wall_Other-Fuel_12k-25k_1993,0,,24,,
Unknown-Wall_Other-Fuel_12k-25k_1994,0.111111111111111,,18,,
Unknown-Wall_Other-Fuel_12k-25k_1995,0,,4,,
Unknown-Wall_Other-Fuel_1k-5k_1995,0.0833333333333333,,12,,
Unknown-Wall_Other-Fuel_1k-5k_1996,0.0909090909090909,,11,,
Unknown-Wall_Other-Fuel_1k-5k_1997,0,,10,,
Unknown-Wall_Other-Fuel_25k-Plus_1985,,0.109090909090909,,55,
Unknown-Wall_Other-Fuel_25k-Plus_1986,0.125,,8,,
Unknown-Wall_Other-Fuel_25k-Plus_1988,0.0555555555555556,,18,,
Unknown-Wall_Other-Fuel_25k-Plus_1989,0.125,,16,,
Unknown-Wall_Other-Fuel_25k-Plus_1990,0,,18,,
Unknown-Wall_Other-Fuel_25k-Plus_1991,1,,1,,
Unknown-Wall_Other-Fuel_25k-Plus_1992,1,,1,,
Unknown-Wall_Other-Fuel_25k-Plus_1995,0,,8,,
Unknown-Wall_Other-Fuel_5k-12k_1993,0,,36,,
Unknown-Wall_Other-Fuel_5k-12k_1995,0,,24,,
Unknown-Wall_Other-Fuel_5k-12k_1997,0.111111111111111,,9,,
Unknown-Wall_Other-Fuel_Under-1k_1992,0,,28,,
Unknown-Wall_Other-Fuel_Under-1k_1995,0.333333333333333,,9,,
Unknown-Wall_Other-Fuel_Under-1k_1996,0,,3,,
Unknown-Wall_Other-Fuel_Under-1k_1997,1,,1,,
